taxonid,assessment_id,assessment_date,year_published,iucn_assessment_url,iucn_citation,scientific_name,main_common_name,category,population_trend,number_of_mature_individuals,estimated_area_of_occupancy,estimated_extent_of_occurrence,taxon_rank,parent_taxonid,child_infrarank_taxonids,taxon_class,spatial_package,spatial_category,taxon_group,spatial_lookup_taxonid,spatial_lookup_source,iucn_has_ranges,iucn_has_points,category_iucn
22678073,219615764,2022-08-12T01:00:00.000+01:00,2022,https://www.iucnredlist.org/species/22678073/219615764,BirdLife International 2022. Rhea americana. The IUCN Red List of Threatened Species 2022: e.T22678073A219615764. Accessed on 19 June 2026.,Rhea americana,Greater Rhea,NT,Decreasing,U,,8740000,species,,[],AVES,BIRDS,,Birds,22678073,self,True,False,NT
22678122,214272214,2022-08-11T01:00:00.000+01:00,2022,https://www.iucnredlist.org/species/22678122/214272214,BirdLife International 2022. Apteryx australis. The IUCN Red List of Threatened Species 2022: e.T22678122A214272214. Accessed on 19 June 2026.,Apteryx australis,Southern Brown Kiwi,VU,Decreasing,16500,,69300,species,,[],AVES,BIRDS,,Birds,22678122,self,True,False,VU
22678129,214096691,2022-05-30T01:00:00.000+01:00,2022,https://www.iucnredlist.org/species/22678129/214096691,BirdLife International 2022. Apteryx owenii. The IUCN Red List of Threatened Species 2022: e.T22678129A214096691. Accessed on 19 June 2026.,Apteryx owenii,Little Spotted Kiwi,NT,Increasing,1500,340,296000,species,,[],AVES,BIRDS,,Birds,22678129,self,True,False,NT
22678132,214091794,2022-08-10T01:00:00.000+01:00,2022,https://www.iucnredlist.org/species/22678132/214091794,BirdLife International 2022. Apteryx haastii. The IUCN Red List of Threatened Species 2022: e.T22678132A214091794. Accessed on 19 June 2026.,Apteryx haastii,Great Spotted Kiwi,VU,Decreasing,9300,,21900,species,,[],AVES,BIRDS,,Birds,22678132,self,True,False,VU
22678135,136638024,2018-10-15T01:00:00.000+01:00,2019,https://www.iucnredlist.org/species/22678135/136638024,BirdLife International 2019. Tinamus tao. The IUCN Red List of Threatened Species 2019: e.T22678135A136638024. Accessed on 19 June 2026.,Tinamus tao,Grey Tinamou,VU,Decreasing,100000-499999,,8520000,species,,[],AVES,BIRDS,,Birds,22678135,self,True,False,VU
22678139,136639334,2018-10-15T01:00:00.000+01:00,2019,https://www.iucnredlist.org/species/22678139/136639334,BirdLife International 2019. Tinamus solitarius. The IUCN Red List of Threatened Species 2019: e.T22678139A136639334. Accessed on 19 June 2026.,Tinamus solitarius,Solitary Tinamou,NT,Decreasing,50000-200000,,1930000,species,,[],AVES,BIRDS,,Birds,22678139,self,True,False,NT
22678145,136641166,2018-10-15T01:00:00.000+01:00,2019,https://www.iucnredlist.org/species/22678145/136641166,BirdLife International 2019. Tinamus osgoodi. The IUCN Red List of Threatened Species 2019: e.T22678145A136641166. Accessed on 19 June 2026.,Tinamus osgoodi,Black Tinamou,VU,Decreasing,1900-4400,,969000,species,,[],AVES,BIRDS,,Birds,22678145,self,True,False,VU
22678151,136647817,2019-08-15T01:00:00.000+01:00,2019,https://www.iucnredlist.org/species/22678151/136647817,BirdLife International 2019. Tinamus guttatus. The IUCN Red List of Threatened Species 2019: e.T22678151A136647817. Accessed on 19 June 2026.,Tinamus guttatus,White-throated Tinamou,NT,Decreasing,200000-500000,,5250000,species,,[],AVES,BIRDS,,Birds,22678151,self,True,False,NT
22678185,136903049,2020-04-02T01:00:00.000+01:00,2020,https://www.iucnredlist.org/species/22678185/136903049,BirdLife International 2020. Crypturellus transfasciatus. The IUCN Red List of Threatened Species 2020: e.T22678185A136903049. Accessed on 19 June 2026.,Crypturellus transfasciatus,Pale-browed Tinamou,NT,Decreasing,U,,99200,species,,[],AVES,BIRDS,,Birds,22678185,self,True,False,NT
22678191,136877151,2021-10-10T01:00:00.000+01:00,2022,https://www.iucnredlist.org/species/22678191/136877151,BirdLife International 2022. Crypturellus boucardi. The IUCN Red List of Threatened Species 2022: e.T22678191A136877151. Accessed on 19 June 2026.,Crypturellus boucardi,Slaty-breasted Tinamou,VU,Decreasing,20000-49999,,742000,species,,[],AVES,BIRDS,,Birds,22678191,self,True,False,VU
22678194,221478339,2023-02-20T00:00:00.000+00:00,2023,https://www.iucnredlist.org/species/22678194/221478339,BirdLife International 2023. Crypturellus kerriae. The IUCN Red List of Threatened Species 2023: e.T22678194A221478339. Accessed on 19 June 2026.,Crypturellus kerriae,Choco Tinamou,NT,Decreasing,1300-7800,3464,18770,species,,[],AVES,BIRDS,,Birds,22678194,self,True,False,NT
22678217,221182790,2022-09-15T01:00:00.000+01:00,2023,https://www.iucnredlist.org/species/22678217/221182790,BirdLife International 2023. Crypturellus noctivagus. The IUCN Red List of Threatened Species 2023: e.T22678217A221182790. Accessed on 19 June 2026.,Crypturellus noctivagus,Yellow-legged Tinamou,NT,Decreasing,10000-19999,,2230000,species,,[],AVES,BIRDS,,Birds,22678217,self,True,False,NT
22678246,131106939,2018-08-07T01:00:00.000+01:00,2018,https://www.iucnredlist.org/species/22678246/131106939,BirdLife International 2018. Nothoprocta taczanowskii. The IUCN Red List of Threatened Species 2018: e.T22678246A131106939. Accessed on 19 June 2026.,Nothoprocta taczanowskii,Taczanowski's Tinamou,VU,Decreasing,1500-7000,,74200,species,,[],AVES,BIRDS,,Birds,22678246,self,True,False,VU
22678280,131286087,2018-08-07T01:00:00.000+01:00,2018,https://www.iucnredlist.org/species/22678280/131286087,BirdLife International 2018. Nothura minor. The IUCN Red List of Threatened Species 2018: e.T22678280A131286087. Accessed on 19 June 2026.,Nothura minor,Lesser Nothura,VU,Decreasing,2500-9999,,874000,species,,[],AVES,BIRDS,,Birds,22678280,self,True,False,VU
22678286,142255701,2019-08-20T01:00:00.000+01:00,2019,https://www.iucnredlist.org/species/22678286/142255701,BirdLife International 2019. Taoniscus nanus. The IUCN Red List of Threatened Species 2019: e.T22678286A142255701. Accessed on 19 June 2026.,Taoniscus nanus,Dwarf Tinamou,EN,Decreasing,2500-9999,196,1020000,species,,[],AVES,BIRDS,,Birds,22678286,self,True,False,EN
22678318,131519956,2018-08-07T01:00:00.000+01:00,2018,https://www.iucnredlist.org/species/22678318/131519956,BirdLife International 2018. Ortalis erythroptera. The IUCN Red List of Threatened Species 2018: e.T22678318A131519956. Accessed on 19 June 2026.,Ortalis erythroptera,Rufous-headed Chachalaca,VU,Decreasing,1500-7000,,134000,species,,[],AVES,BIRDS,,Birds,22678318,self,True,False,VU
22678357,136646577,2018-10-15T01:00:00.000+01:00,2019,https://www.iucnredlist.org/species/22678357/136646577,BirdLife International 2019. Penelope barbata. The IUCN Red List of Threatened Species 2019: e.T22678357A136646577. Accessed on 19 June 2026.,Penelope barbata,Bearded Guan,NT,Decreasing,1800-6500,,41600,species,,[],AVES,BIRDS,,Birds,22678357,self,True,False,NT
22678360,136649810,2018-10-15T01:00:00.000+01:00,2019,https://www.iucnredlist.org/species/22678360/136649810,BirdLife International 2019. Penelope ortoni. The IUCN Red List of Threatened Species 2019: e.T22678360A136649810. Accessed on 19 June 2026.,Penelope ortoni,Baudo Guan,EN,Decreasing,7000-21000,,181000,species,,[],AVES,BIRDS,,Birds,22678360,self,True,False,EN
22678370,195175974,2021-07-08T01:00:00.000+01:00,2021,https://www.iucnredlist.org/species/22678370/195175974,BirdLife International 2021. Penelope superciliaris. The IUCN Red List of Threatened Species 2021: e.T22678370A195175974. Accessed on 19 June 2026.,Penelope superciliaris,Rusty-margined Guan,NT,Decreasing,2000000-20000000,,6960000,species,,[],AVES,BIRDS,,Birds,22678370,self,True,False,NT
22678376,137687015,2021-03-15T00:00:00.000+00:00,2021,https://www.iucnredlist.org/species/22678376/137687015,BirdLife International 2021. Penelope purpurascens. The IUCN Red List of Threatened Species 2021: e.T22678376A137687015. Accessed on 19 June 2026.,Penelope purpurascens,Crested Guan,NT,Decreasing,50000-499999,,7470000,species,,[],AVES,BIRDS,,Birds,22678376,self,True,False,NT
22678379,188319595,2020-10-29T00:00:00.000+00:00,2021,https://www.iucnredlist.org/species/22678379/188319595,BirdLife International 2021. Penelope perspicax. The IUCN Red List of Threatened Species 2021: e.T22678379A188319595. Accessed on 19 June 2026.,Penelope perspicax,Cauca Guan,VU,Decreasing,1000-2499,4180,35000,species,,[],AVES,BIRDS,,Birds,22678379,self,True,False,VU
22678382,131447454,2018-08-07T01:00:00.000+01:00,2018,https://www.iucnredlist.org/species/22678382/131447454,BirdLife International 2018. Penelope albipennis. The IUCN Red List of Threatened Species 2018: e.T22678382A131447454. Accessed on 19 June 2026.,Penelope albipennis,White-winged Guan,EN,Stable,200,,4400,species,,[],AVES,BIRDS,,Birds,22678382,self,True,False,EN
22678392,192636909,2020-12-21T00:00:00.000+00:00,2021,https://www.iucnredlist.org/species/22678392/192636909,BirdLife International 2021. Penelope pileata. The IUCN Red List of Threatened Species 2021: e.T22678392A192636909. Accessed on 19 June 2026.,Penelope pileata,White-crested Guan,VU,Decreasing,U,,955000,species,,[],AVES,BIRDS,,Birds,22678392,self,True,False,VU
22678395,193448118,2021-01-04T00:00:00.000+00:00,2021,https://www.iucnredlist.org/species/22678395/193448118,BirdLife International 2021. Penelope ochrogaster. The IUCN Red List of Threatened Species 2021: e.T22678395A193448118. Accessed on 19 June 2026.,Penelope ochrogaster,Chestnut-bellied Guan,VU,Decreasing,1000-15000,,1310000,species,,[],AVES,BIRDS,,Birds,22678395,self,True,False,VU
22678398,221510432,2022-09-27T01:00:00.000+01:00,2023,https://www.iucnredlist.org/species/22678398/221510432,BirdLife International 2023. Penelope jacucaca. The IUCN Red List of Threatened Species 2023: e.T22678398A221510432. Accessed on 19 June 2026.,Penelope jacucaca,White-browed Guan,VU,Decreasing,U,,823000,species,,[],AVES,BIRDS,,Birds,22678398,self,True,False,VU
22678401,177972653,2020-06-24T01:00:00.000+01:00,2020,https://www.iucnredlist.org/species/22678401/177972653,BirdLife International 2020. Pipile pipile. The IUCN Red List of Threatened Species 2020: e.T22678401A177972653. Accessed on 19 June 2026.,Pipile pipile,Trinidad Piping-guan,CR,Increasing,150-330,,2000,species,,[],AVES,BIRDS,,Birds,22678401,self,True,False,CR
22678422,194242016,2021-07-02T01:00:00.000+01:00,2021,https://www.iucnredlist.org/species/22678422/194242016,BirdLife International 2021. Pipile cujubi. The IUCN Red List of Threatened Species 2021: e.T22678422A194242016. Accessed on 19 June 2026.,Pipile cujubi,Red-throated Piping-guan,VU,Decreasing,U,,2640000,species,,[],AVES,BIRDS,,Birds,22678422,self,True,False,VU
22678429,132049346,2018-08-09T01:00:00.000+01:00,2018,https://www.iucnredlist.org/species/22678429/132049346,BirdLife International 2018. Pipile jacutinga. The IUCN Red List of Threatened Species 2018: e.T22678429A132049346. Accessed on 19 June 2026.,Pipile jacutinga,Black-fronted Piping-guan,EN,Decreasing,1500-7000,,865000,species,,[],AVES,BIRDS,,Birds,22678429,self,True,False,EN
22678449,177946411,2020-06-25T01:00:00.000+01:00,2020,https://www.iucnredlist.org/species/22678449/177946411,BirdLife International 2020. Penelopina nigra. The IUCN Red List of Threatened Species 2020: e.T22678449A177946411. Accessed on 19 June 2026.,Penelopina nigra,Highland Guan,VU,Decreasing,20000-49999,13000,198000,species,,[],AVES,BIRDS,,Birds,22678449,self,True,False,VU
22678453,177970135,2020-06-25T01:00:00.000+01:00,2020,https://www.iucnredlist.org/species/22678453/177970135,BirdLife International 2020. Oreophasis derbianus. The IUCN Red List of Threatened Species 2020: e.T22678453A177970135. Accessed on 19 June 2026.,Oreophasis derbianus,Horned Guan,EN,Decreasing,600-1700,,56300,species,,[],AVES,BIRDS,,Birds,22678453,self,True,False,EN
22678478,195350112,2021-01-27T00:00:00.000+00:00,2021,https://www.iucnredlist.org/species/22678478/195350112,BirdLife International 2021. Mitu tuberosum. The IUCN Red List of Threatened Species 2021: e.T22678478A195350112. Accessed on 19 June 2026.,Mitu tuberosum,Razor-billed Curassow,NT,Decreasing,300000 - 2000000,,4710000,species,,[],AVES,BIRDS,,Birds,22678478,self,True,False,NT
22678486,132315266,2018-08-07T01:00:00.000+01:00,2018,https://www.iucnredlist.org/species/22678486/132315266,BirdLife International 2018. Mitu mitu. The IUCN Red List of Threatened Species 2018: e.T22678486A132315266. Accessed on 19 June 2026.,Mitu mitu,Alagoas Curassow,EW,,,,,species,,[],AVES,BIRDS,,Birds,22678486,self,True,False,EW
22678497,221428227,2023-02-27T00:00:00.000+00:00,2023,https://www.iucnredlist.org/species/22678497/221428227,BirdLife International 2023. Pauxi pauxi. The IUCN Red List of Threatened Species 2023: e.T22678497A221428227. Accessed on 19 June 2026.,Pauxi pauxi,Helmeted Curassow,VU,Decreasing,3500-12500,14000,143000,species,,[],AVES,BIRDS,,Birds,22678497,self,True,False,VU
22678521,178001922,2020-08-26T01:00:00.000+01:00,2020,https://www.iucnredlist.org/species/22678521/178001922,BirdLife International 2020. Crax rubra. The IUCN Red List of Threatened Species 2020: e.T22678521A178001922. Accessed on 19 June 2026.,Crax rubra,Great Curassow,VU,Decreasing,40000-50000,,3060000,species,,[],AVES,BIRDS,,Birds,22678521,self,True,False,VU
22678525,265023587,2025-05-07T01:00:00.000+01:00,2025,https://www.iucnredlist.org/species/22678525/265023587,BirdLife International 2025. Crax alberti. The IUCN Red List of Threatened Species 2025: e.T22678525A265023587. Accessed on 19 June 2026.,Crax alberti,Blue-billed Curassow,CR,Decreasing,"1000-5500,1250-3100",,123000,species,,[],AVES,BIRDS,,Birds,22678525,self,True,False,CR
22678530,245700462,2023-09-22T01:00:00.000+01:00,2024,https://www.iucnredlist.org/species/22678530/245700462,BirdLife International 2024. Crax daubentoni. The IUCN Red List of Threatened Species 2024: e.T22678530A245700462. Accessed on 19 June 2026.,Crax daubentoni,Yellow-knobbed Curassow,NT,Decreasing,,,483000,species,,[],AVES,BIRDS,,Birds,22678530,self,True,False,NT
22678537,221386350,2022-09-22T01:00:00.000+01:00,2023,https://www.iucnredlist.org/species/22678537/221386350,BirdLife International 2023. Crax globulosa. The IUCN Red List of Threatened Species 2023: e.T22678537A221386350. Accessed on 19 June 2026.,Crax globulosa,Wattled Curassow,EN,Decreasing,1000-2499,10600,1420000,species,,[],AVES,BIRDS,,Birds,22678537,self,True,False,EN
22678544,221464106,2022-09-26T01:00:00.000+01:00,2023,https://www.iucnredlist.org/species/22678544/221464106,BirdLife International 2023. Crax blumenbachii. The IUCN Red List of Threatened Species 2023: e.T22678544A221464106. Accessed on 19 June 2026.,Crax blumenbachii,Red-billed Curassow,EN,Decreasing,480,3440,134000,species,,[],AVES,BIRDS,,Birds,22678544,self,True,False,EN
22678559,188436669,2020-11-26T00:00:00.000+00:00,2021,https://www.iucnredlist.org/species/22678559/188436669,BirdLife International 2021. Aepypodius bruijnii. The IUCN Red List of Threatened Species 2021: e.T22678559A188436669. Accessed on 19 June 2026.,Aepypodius bruijnii,Waigeo Brushturkey,EN,Decreasing,977,240,784,species,,[],AVES,BIRDS,,Birds,22678559,self,True,False,EN
22678576,194673255,2021-08-11T01:00:00.000+01:00,2021,https://www.iucnredlist.org/species/22678576/194673255,BirdLife International 2021. Macrocephalon maleo. The IUCN Red List of Threatened Species 2021: e.T22678576A194673255. Accessed on 19 June 2026.,Macrocephalon maleo,Maleo,CR,Decreasing,8000-14000,,373000,species,,[],AVES,BIRDS,,Birds,22678576,self,True,False,CR
22678583,195335202,2021-01-27T00:00:00.000+00:00,2021,https://www.iucnredlist.org/species/22678583/195335202,BirdLife International 2021. Megapodius nicobariensis. The IUCN Red List of Threatened Species 2021: e.T22678583A195335202. Accessed on 19 June 2026.,Megapodius nicobariensis,Nicobar Scrubfowl,VU,Stable,750-1500,,8700,species,,[],AVES,BIRDS,,Birds,22678583,self,True,False,VU
22678593,195438398,2021-02-09T00:00:00.000+00:00,2021,https://www.iucnredlist.org/species/22678593/195438398,BirdLife International 2021. Megapodius bernsteinii. The IUCN Red List of Threatened Species 2021: e.T22678593A195438398. Accessed on 19 June 2026.,Megapodius bernsteinii,Sula Scrubfowl,VU,Decreasing,10000-19999,,33000,species,,[],AVES,BIRDS,,Birds,22678593,self,True,False,VU
22678620,216251541,2021-08-13T01:00:00.000+01:00,2021,https://www.iucnredlist.org/species/22678620/216251541,BirdLife International 2021. Megapodius laperouse (errata version published in 2022). The IUCN Red List of Threatened Species 2021: e.T22678620A216251541. Accessed on 19 June 2026.,Megapodius laperouse,Micronesian Scrubfowl,NT,Unknown,"2600 - 15400, 4500",500-1636,430000,species,,[],AVES,BIRDS,,Birds,22678620,self,True,False,NT
22678625,156113936,2019-08-06T01:00:00.000+01:00,2019,https://www.iucnredlist.org/species/22678625/156113936,BirdLife International 2019. Megapodius pritchardii. The IUCN Red List of Threatened Species 2019: e.T22678625A156113936. Accessed on 19 June 2026.,Megapodius pritchardii,Tongan Scrubfowl,VU,Increasing,250-999,104,1800,species,,[],AVES,BIRDS,,Birds,22678625,self,True,False,VU
22678632,195133155,2021-01-25T00:00:00.000+00:00,2021,https://www.iucnredlist.org/species/22678632/195133155,BirdLife International 2021. Eulipoa wallacei. The IUCN Red List of Threatened Species 2021: e.T22678632A195133155. Accessed on 19 June 2026.,Eulipoa wallacei,Moluccan Scrubfowl,VU,Decreasing,U,,227000,species,,[],AVES,BIRDS,,Birds,22678632,self,True,False,VU
22678646,212766400,2022-01-13T00:00:00.000+00:00,2022,https://www.iucnredlist.org/species/22678646/212766400,BirdLife International 2022. Leipoa ocellata. The IUCN Red List of Threatened Species 2022: e.T22678646A212766400. Accessed on 19 June 2026.,Leipoa ocellata,Malleefowl,VU,Decreasing,"20000-30000, 25000",,2900000,species,,[],AVES,BIRDS,,Birds,22678646,self,True,False,VU
22678684,183062253,2020-08-30T01:00:00.000+01:00,2020,https://www.iucnredlist.org/species/22678684/183062253,BirdLife International 2020. Alectoris graeca. The IUCN Red List of Threatened Species 2020: e.T22678684A183062253. Accessed on 19 June 2026.,Alectoris graeca,Rock Partridge,NT,Decreasing,79600-154200,,1410000,species,,[],AVES,BIRDS,,Birds,22678684,self,True,False,NT
22678711,183481909,2020-08-28T01:00:00.000+01:00,2020,https://www.iucnredlist.org/species/22678711/183481909,BirdLife International 2020. Alectoris rufa. The IUCN Red List of Threatened Species 2020: e.T22678711A183481909. Accessed on 19 June 2026.,Alectoris rufa,Red-legged Partridge,NT,Decreasing,9950000-13700000,,1710000,species,,[],AVES,BIRDS,,Birds,22678711,self,True,False,NT
22678733,250119497,2024-06-20T01:00:00.000+01:00,2024,https://www.iucnredlist.org/species/22678733/250119497,BirdLife International 2024. Ortygornis gularis. The IUCN Red List of Threatened Species 2024: e.T22678733A250119497. Accessed on 19 June 2026.,Ortygornis gularis,Swamp Francolin,NT,Decreasing,7500-20000,,375000,species,,[],AVES,BIRDS,,Birds,22678733,self,True,False,NT
22678795,118416398,2017-10-01T01:00:00.000+01:00,2017,https://www.iucnredlist.org/species/22678795/118416398,BirdLife International 2017. Ptilopachus nahani. The IUCN Red List of Threatened Species 2017: e.T22678795A118416398. Accessed on 19 June 2026.,Ptilopachus nahani,Nahan's Partridge,VU,Decreasing,,1300,51300,species,,[],AVES,BIRDS,,Birds,22678795,self,True,False,VU
22678815,131514381,2018-08-07T01:00:00.000+01:00,2018,https://www.iucnredlist.org/species/22678815/131514381,BirdLife International 2018. Pternistis harwoodi. The IUCN Red List of Threatened Species 2018: e.T22678815A131514381. Accessed on 19 June 2026.,Pternistis harwoodi,Harwood's Spurfowl,NT,Decreasing,6000-15000,,50100,species,,[],AVES,BIRDS,,Birds,22678815,self,True,False,NT
22678869,130519228,2018-08-07T01:00:00.000+01:00,2018,https://www.iucnredlist.org/species/22678869/130519228,BirdLife International 2018. Pternistis ochropectus. The IUCN Red List of Threatened Species 2018: e.T22678869A130519228. Accessed on 19 June 2026.,Pternistis ochropectus,Djibouti Spurfowl,CR,Decreasing,200-500,1,1400,species,,[],AVES,BIRDS,,Birds,22678869,self,True,False,CR
22678891,208345853,2021-09-28T01:00:00.000+01:00,2022,https://www.iucnredlist.org/species/22678891/208345853,BirdLife International 2022. Pternistis camerunensis. The IUCN Red List of Threatened Species 2022: e.T22678891A208345853. Accessed on 19 June 2026.,Pternistis camerunensis,Mount Cameroon Spurfowl,EN,Decreasing,700-1500,272,272,species,,[],AVES,BIRDS,,Birds,22678891,self,True,False,EN
22678896,213097155,2023-05-15T01:00:00.000+01:00,2023,https://www.iucnredlist.org/species/22678896/213097155,BirdLife International 2023. Pternistis swierstrai. The IUCN Red List of Threatened Species 2023: e.T22678896A213097155. Accessed on 19 June 2026.,Pternistis swierstrai,Swierstra's Spurfowl,VU,Decreasing,1000-2499,,23400,species,,[],AVES,BIRDS,,Birds,22678896,self,True,False,VU
22678901,208298953,2021-09-28T01:00:00.000+01:00,2022,https://www.iucnredlist.org/species/22678901/208298953,BirdLife International 2022. Xenoperdix udzungwensis. The IUCN Red List of Threatened Species 2022: e.T22678901A208298953. Accessed on 19 June 2026.,Xenoperdix udzungwensis,Udzungwa Forest-partridge,EN,Decreasing,2000-2700,190-1280,3400,species,,[],AVES,BIRDS,,Birds,22678901,self,True,False,EN
22678934,203830000,2021-08-11T01:00:00.000+01:00,2021,https://www.iucnredlist.org/species/22678934/203830000,BirdLife International 2021. Melanoperdix niger. The IUCN Red List of Threatened Species 2021: e.T22678934A203830000. Accessed on 19 June 2026.,Melanoperdix niger,Black Partridge,VU,Decreasing,,,1560000,species,,[],AVES,BIRDS,,Birds,22678934,self,True,False,VU
22678949,218902058,2024-08-19T01:00:00.000+01:00,2025,https://www.iucnredlist.org/species/22678949/218902058,BirdLife International 2025. Coturnix japonica. The IUCN Red List of Threatened Species 2025: e.T22678949A218902058. Accessed on 19 June 2026.,Coturnix japonica,Japanese Quail,NT,Decreasing,U,,4960000,species,,[],AVES,BIRDS,,Birds,22678949,self,True,False,NT
22679012,218880247,2024-02-28T00:00:00.000+00:00,2024,https://www.iucnredlist.org/species/22679012/218880247,BirdLife International 2024. Perdicula manipurensis. The IUCN Red List of Threatened Species 2024: e.T22679012A218880247. Accessed on 19 June 2026.,Perdicula manipurensis,Manipur Bush-quail,CR,Unknown,1-200,,144000,species,,[],AVES,BIRDS,,Birds,22679012,self,True,False,CR
22679029,202510425,2022-03-31T01:00:00.000+01:00,2022,https://www.iucnredlist.org/species/22679029/202510425,BirdLife International 2022. Arborophila mandellii. The IUCN Red List of Threatened Species 2022: e.T22679029A202510425. Accessed on 19 June 2026.,Arborophila mandellii,Chestnut-breasted Partridge,NT,Decreasing,80000-140000,,227000,species,,[],AVES,BIRDS,,Birds,22679029,self,True,False,NT
22679035,254169870,2024-06-12T01:00:00.000+01:00,2024,https://www.iucnredlist.org/species/22679035/254169870,BirdLife International 2024. Arborophila rufipectus. The IUCN Red List of Threatened Species 2024: e.T22679035A254169870. Accessed on 19 June 2026.,Arborophila rufipectus,Sichuan Partridge,VU,Decreasing,2500-9999,,15550,species,,[],AVES,BIRDS,,Birds,22679035,self,True,False,VU
22679038,246271035,2023-10-02T01:00:00.000+01:00,2024,https://www.iucnredlist.org/species/22679038/246271035,BirdLife International 2024. Arborophila orientalis. The IUCN Red List of Threatened Species 2024: e.T22679038A246271035. Accessed on 19 June 2026.,Arborophila orientalis,White-faced Partridge,VU,Decreasing,"4000-20000, 10000-20000",2100-3040,5000,species,,[],AVES,BIRDS,,Birds,22679038,self,True,False,VU
22679050,254194790,2024-02-08T00:00:00.000+00:00,2024,https://www.iucnredlist.org/species/22679050/254194790,BirdLife International 2024. Arborophila gingica. The IUCN Red List of Threatened Species 2024: e.T22679050A254194790. Accessed on 19 June 2026.,Arborophila gingica,Collared Partridge,NT,Decreasing,50000-250000,,518000,species,,[],AVES,BIRDS,,Birds,22679050,self,True,False,NT
22679054,136669497,2018-10-15T01:00:00.000+01:00,2019,https://www.iucnredlist.org/species/22679054/136669497,BirdLife International 2019. Arborophila davidi. The IUCN Red List of Threatened Species 2019: e.T22679054A136669497. Accessed on 19 June 2026.,Arborophila davidi,Orange-necked Partridge,NT,Decreasing,2500-9999,,10100,species,,[],AVES,BIRDS,,Birds,22679054,self,True,False,NT
22679057,275415056,2025-02-12T00:00:00.000+00:00,2025,https://www.iucnredlist.org/species/22679057/275415056,BirdLife International 2025. Arborophila cambodiana. The IUCN Red List of Threatened Species 2025: e.T22679057A275415056. Accessed on 19 June 2026.,Arborophila cambodiana,Chestnut-headed Partridge,NT,Decreasing,3500-12000,,31000,species,,[],AVES,BIRDS,,Birds,22679057,self,True,False,NT
22679063,249693124,2024-01-17T00:00:00.000+00:00,2024,https://www.iucnredlist.org/species/22679063/249693124,BirdLife International 2024. Arborophila ardens. The IUCN Red List of Threatened Species 2024: e.T22679063A249693124. Accessed on 19 June 2026.,Arborophila ardens,Hainan Partridge,VU,Decreasing,2500-9999,,11700,species,,[],AVES,BIRDS,,Birds,22679063,self,True,False,VU
22679094,257607662,2024-05-14T01:00:00.000+01:00,2024,https://www.iucnredlist.org/species/22679094/257607662,BirdLife International 2024. Caloperdix oculeus. The IUCN Red List of Threatened Species 2024: e.T22679094A257607662. Accessed on 19 June 2026.,Caloperdix oculeus,Ferruginous Partridge,NT,Decreasing,U,,3339000,species,,[],AVES,BIRDS,,Birds,22679094,self,True,False,NT
22679106,196436384,2021-02-22T00:00:00.000+00:00,2021,https://www.iucnredlist.org/species/22679106/196436384,BirdLife International 2021. Rollulus rouloul. The IUCN Red List of Threatened Species 2021: e.T22679106A196436384. Accessed on 19 June 2026.,Rollulus rouloul,Crested Partridge,VU,Decreasing,U,,3742300,species,,[],AVES,BIRDS,,Birds,22679106,self,True,False,VU
22679141,132051220,2018-08-09T01:00:00.000+01:00,2018,https://www.iucnredlist.org/species/22679141/132051220,BirdLife International 2018. Ophrysia superciliosa. The IUCN Red List of Threatened Species 2018: e.T22679141A132051220. Accessed on 19 June 2026.,Ophrysia superciliosa,Himalayan Quail,CR,Unknown,1-49,,2100,species,,[],AVES,BIRDS,,Birds,22679141,self,True,False,CR
22679147,177694929,2025-06-03T01:00:00.000+01:00,2025,https://www.iucnredlist.org/species/22679147/177694929,BirdLife International 2025. Tragopan melanocephalus. The IUCN Red List of Threatened Species 2025: e.T22679147A177694929. Accessed on 19 June 2026.,Tragopan melanocephalus,Western Tragopan,VU,Decreasing,3200-9500,,138000,species,,[],AVES,BIRDS,,Birds,22679147,self,True,False,VU
22679163,177682428,2020-06-19T01:00:00.000+01:00,2020,https://www.iucnredlist.org/species/22679163/177682428,BirdLife International 2020. Tragopan blythii. The IUCN Red List of Threatened Species 2020: e.T22679163A177682428. Accessed on 19 June 2026.,Tragopan blythii,Blyth's Tragopan,VU,Decreasing,2500-9999,,355000,species,,[],AVES,BIRDS,,Birds,22679163,self,True,False,VU
22679172,177687593,2020-06-19T01:00:00.000+01:00,2020,https://www.iucnredlist.org/species/22679172/177687593,BirdLife International 2020. Tragopan caboti. The IUCN Red List of Threatened Species 2020: e.T22679172A177687593. Accessed on 19 June 2026.,Tragopan caboti,Cabot's Tragopan,VU,Decreasing,2500-9999,,518000,species,,[],AVES,BIRDS,,Birds,22679172,self,True,False,VU
22679192,219003994,2022-07-19T01:00:00.000+01:00,2022,https://www.iucnredlist.org/species/22679192/219003994,BirdLife International 2022. Lophophorus lhuysii. The IUCN Red List of Threatened Species 2022: e.T22679192A219003994. Accessed on 19 June 2026.,Lophophorus lhuysii,Chinese Monal,VU,Decreasing,6000-10000,,214000,species,,[],AVES,BIRDS,,Birds,22679192,self,True,False,VU
22679241,136677351,2019-08-15T01:00:00.000+01:00,2019,https://www.iucnredlist.org/species/22679241/136677351,BirdLife International 2019. Lophura swinhoii. The IUCN Red List of Threatened Species 2019: e.T22679241A136677351. Accessed on 19 June 2026.,Lophura swinhoii,Swinhoe's Pheasant,NT,Decreasing,3300-6700,,21800,species,,[],AVES,BIRDS,,Birds,22679241,self,True,False,NT
22679274,274693356,2025-05-12T01:00:00.000+01:00,2025,https://www.iucnredlist.org/species/22679274/274693356,BirdLife International 2025. Lophura diardi. The IUCN Red List of Threatened Species 2025: e.T22679274A274693356. Accessed on 19 June 2026.,Lophura diardi,Siamese Fireback,NT,Decreasing,,,1040000,species,,[],AVES,BIRDS,,Birds,22679274,self,True,False,NT
22679278,216484849,2022-04-19T01:00:00.000+01:00,2022,https://www.iucnredlist.org/species/22679278/216484849,BirdLife International 2022. Lophura bulweri. The IUCN Red List of Threatened Species 2022: e.T22679278A216484849. Accessed on 19 June 2026.,Lophura bulweri,Bulwer's Pheasant,VU,Decreasing,U,,610000,species,,[],AVES,BIRDS,,Birds,22679278,self,True,False,VU
22679312,218835395,2022-07-19T01:00:00.000+01:00,2022,https://www.iucnredlist.org/species/22679312/218835395,BirdLife International 2022. Catreus wallichii. The IUCN Red List of Threatened Species 2022: e.T22679312A218835395. Accessed on 19 June 2026.,Catreus wallichii,Cheer Pheasant,VU,Decreasing,2500-9999,,259000,species,,[],AVES,BIRDS,,Birds,22679312,self,True,False,VU
22679330,218986656,2022-07-18T01:00:00.000+01:00,2023,https://www.iucnredlist.org/species/22679330/218986656,BirdLife International 2023. Syrmaticus humiae. The IUCN Red List of Threatened Species 2023: e.T22679330A218986656. Accessed on 19 June 2026.,Syrmaticus humiae,Mrs Hume's Pheasant,VU,Decreasing,"2500-9999, 7500",,854000,species,,[],AVES,BIRDS,,Birds,22679330,self,True,False,VU
22679346,131873938,2018-08-07T01:00:00.000+01:00,2018,https://www.iucnredlist.org/species/22679346/131873938,BirdLife International 2018. Syrmaticus reevesii. The IUCN Red List of Threatened Species 2018: e.T22679346A131873938. Accessed on 19 June 2026.,Syrmaticus reevesii,Reeves's Pheasant,VU,Decreasing,2500-9999,,983000,species,,[],AVES,BIRDS,,Birds,22679346,self,True,False,VU
22679365,218821910,2023-02-16T00:00:00.000+00:00,2023,https://www.iucnredlist.org/species/22679365/218821910,BirdLife International 2023. Polyplectron inopinatum. The IUCN Red List of Threatened Species 2023: e.T22679365A218821910. Accessed on 19 June 2026.,Polyplectron inopinatum,Mountain Peacock-Pheasant,NT,Decreasing,"2500-20000, 2500-9999",,28500,species,,[],AVES,BIRDS,,Birds,22679365,self,True,False,NT
22679372,218732296,2023-02-16T00:00:00.000+00:00,2023,https://www.iucnredlist.org/species/22679372/218732296,BirdLife International 2023. Polyplectron germaini. The IUCN Red List of Threatened Species 2023: e.T22679372A218732296. Accessed on 19 June 2026.,Polyplectron germaini,Germain's Peacock-Pheasant,VU,Decreasing,"5400-27000, 7500-15000",,48700,species,,[],AVES,BIRDS,,Birds,22679372,self,True,False,VU
22679385,137837773,2021-09-03T01:00:00.000+01:00,2022,https://www.iucnredlist.org/species/22679385/137837773,BirdLife International 2022. Polyplectron malacense. The IUCN Red List of Threatened Species 2022: e.T22679385A137837773. Accessed on 19 June 2026.,Polyplectron malacense,Malay Peacock-Pheasant,EN,Decreasing,,,102000,species,,[],AVES,BIRDS,,Birds,22679385,self,True,False,EN
22679393,262327449,2024-07-09T01:00:00.000+01:00,2024,https://www.iucnredlist.org/species/22679393/262327449,BirdLife International 2024. Polyplectron schleiermacheri. The IUCN Red List of Threatened Species 2024: e.T22679393A262327449. Accessed on 19 June 2026.,Polyplectron schleiermacheri,Bornean Peacock-Pheasant,EN,Decreasing,5000-25000,,410000,species,,[],AVES,BIRDS,,Birds,22679393,self,True,False,EN
22679398,132051467,2018-08-09T01:00:00.000+01:00,2018,https://www.iucnredlist.org/species/22679398/132051467,BirdLife International 2018. Polyplectron napoleonis. The IUCN Red List of Threatened Species 2018: e.T22679398A132051467. Accessed on 19 June 2026.,Polyplectron napoleonis,Palawan Peacock-Pheasant,VU,Decreasing,,,24000,species,,[],AVES,BIRDS,,Birds,22679398,self,True,False,VU
22679430,208189646,2021-09-23T01:00:00.000+01:00,2022,https://www.iucnredlist.org/species/22679430/208189646,BirdLife International 2022. Afropavo congensis. The IUCN Red List of Threatened Species 2022: e.T22679430A208189646. Accessed on 19 June 2026.,Afropavo congensis,Congo Peafowl,NT,Decreasing,2500-9999,,788000,species,,[],AVES,BIRDS,,Birds,22679430,self,True,False,NT
22679440,131749282,2018-08-07T01:00:00.000+01:00,2018,https://www.iucnredlist.org/species/22679440/131749282,BirdLife International 2018. Pavo muticus. The IUCN Red List of Threatened Species 2018: e.T22679440A131749282. Accessed on 19 June 2026.,Pavo muticus,Green Peafowl,EN,Decreasing,10000-19999,,4590000,species,,[],AVES,BIRDS,,Birds,22679440,self,True,False,EN
22679483,205025000,2023-04-03T01:00:00.000+01:00,2023,https://www.iucnredlist.org/species/22679483/205025000,BirdLife International 2023. Lyrurus mlokosiewiczi. The IUCN Red List of Threatened Species 2023: e.T22679483A205025000. Accessed on 19 June 2026.,Lyrurus mlokosiewiczi,Caucasian Grouse,NT,Decreasing,28000-58000,,321000,species,,[],AVES,BIRDS,,Birds,22679483,self,True,False,NT
22679497,266726908,2024-08-28T01:00:00.000+01:00,2025,https://www.iucnredlist.org/species/22679497/266726908,BirdLife International 2025. Tetrastes sewerzowi. The IUCN Red List of Threatened Species 2025: e.T22679497A266726908. Accessed on 19 June 2026.,Tetrastes sewerzowi,Chinese Grouse,NT,Decreasing,"7300-95000, 10000-25000",,650000,species,,[],AVES,BIRDS,,Birds,22679497,self,True,False,NT
22679503,277362011,2025-06-17T01:00:00.000+01:00,2025,https://www.iucnredlist.org/species/22679503/277362011,BirdLife International 2025. Centrocercus urophasianus. The IUCN Red List of Threatened Species 2025: e.T22679503A277362011. Accessed on 19 June 2026.,Centrocercus urophasianus,Sage Grouse,VU,Decreasing,"289000-550000,350000",,1580000,species,,[],AVES,BIRDS,,Birds,22679503,self,True,False,VU
22679514,177901079,2020-08-10T01:00:00.000+01:00,2020,https://www.iucnredlist.org/species/22679514/177901079,BirdLife International 2020. Tympanuchus cupido. The IUCN Red List of Threatened Species 2020: e.T22679514A177901079. Accessed on 19 June 2026.,Tympanuchus cupido,Greater Prairie-chicken,NT,Increasing,360000,,1990000,species,,[],AVES,BIRDS,,Birds,22679514,self,True,False,NT
22679519,131795740,2018-08-07T01:00:00.000+01:00,2018,https://www.iucnredlist.org/species/22679519/131795740,BirdLife International 2018. Tympanuchus pallidicinctus. The IUCN Red List of Threatened Species 2018: e.T22679519A131795740. Accessed on 19 June 2026.,Tympanuchus pallidicinctus,Lesser Prairie-chicken,VU,Decreasing,,,237000,species,,[],AVES,BIRDS,,Birds,22679519,self,True,False,VU
22679529,178204994,2020-08-26T01:00:00.000+01:00,2020,https://www.iucnredlist.org/species/22679529/178204994,BirdLife International 2020. Meleagris ocellata. The IUCN Red List of Threatened Species 2020: e.T22679529A178204994. Accessed on 19 June 2026.,Meleagris ocellata,Ocellated Turkey,NT,Decreasing,20000-49999,,166000,species,,[],AVES,BIRDS,,Birds,22679529,self,True,False,NT
22679545,193895625,2021-01-05T00:00:00.000+00:00,2021,https://www.iucnredlist.org/species/22679545/193895625,BirdLife International 2021. Agelastes meleagrides. The IUCN Red List of Threatened Species 2021: e.T22679545A193895625. Accessed on 19 June 2026.,Agelastes meleagrides,White-breasted Guineafowl,VU,Decreasing,39000-93000,,197000,species,,[],AVES,BIRDS,,Birds,22679545,self,True,False,VU
22679576,178090964,2020-08-26T01:00:00.000+01:00,2020,https://www.iucnredlist.org/species/22679576/178090964,BirdLife International 2020. Dendrortyx barbatus. The IUCN Red List of Threatened Species 2020: e.T22679576A178090964. Accessed on 19 June 2026.,Dendrortyx barbatus,Bearded Wood-partridge,VU,Decreasing,3600,,36000,species,,[],AVES,BIRDS,,Birds,22679576,self,True,False,VU
22679640,137790951,2021-10-07T01:00:00.000+01:00,2022,https://www.iucnredlist.org/species/22679640/137790951,BirdLife International 2022. Odontophorus melanotis. The IUCN Red List of Threatened Species 2022: e.T22679640A137790951. Accessed on 19 June 2026.,Odontophorus melanotis,Black-eared Wood-quail,NT,Decreasing,50000-499999,,451000,species,,[],AVES,BIRDS,,Birds,22679640,self,True,False,NT
22679678,155450500,2018-08-07T01:00:00.000+01:00,2019,https://www.iucnredlist.org/species/22679678/155450500,BirdLife International 2019. Odontophorus strophium (amended version of 2018 assessment). The IUCN Red List of Threatened Species 2019: e.T22679678A155450500. Accessed on 19 June 2026.,Odontophorus strophium,Gorgeted Wood-quail,VU,Decreasing,2500-9999,,17400,species,,[],AVES,BIRDS,,Birds,22679678,self,True,False,VU
22679683,221552275,2022-09-28T01:00:00.000+01:00,2023,https://www.iucnredlist.org/species/22679683/221552275,BirdLife International 2023. Odontophorus columbianus. The IUCN Red List of Threatened Species 2023: e.T22679683A221552275. Accessed on 19 June 2026.,Odontophorus columbianus,Venezuelan Wood-quail,NT,Decreasing,U,6044,7200,species,,[],AVES,BIRDS,,Birds,22679683,self,True,False,NT
22679717,178132513,2020-08-26T01:00:00.000+01:00,2020,https://www.iucnredlist.org/species/22679717/178132513,BirdLife International 2020. Cyrtonyx ocellatus. The IUCN Red List of Threatened Species 2020: e.T22679717A178132513. Accessed on 19 June 2026.,Cyrtonyx ocellatus,Ocellated Quail,VU,Decreasing,1500-7000,,233000,species,,[],AVES,BIRDS,,Birds,22679717,self,True,False,VU
22679720,137690102,2021-09-29T01:00:00.000+01:00,2022,https://www.iucnredlist.org/species/22679720/137690102,BirdLife International 2022. Rhynchortyx cinctus. The IUCN Red List of Threatened Species 2022: e.T22679720A137690102. Accessed on 19 June 2026.,Rhynchortyx cinctus,Tawny-faced Quail,NT,Decreasing,50000-499999,,970000,species,,[],AVES,BIRDS,,Birds,22679720,self,True,False,NT
22679770,154611660,2019-07-16T01:00:00.000+01:00,2019,https://www.iucnredlist.org/species/22679770/154611660,BirdLife International 2019. Dendrocygna arborea. The IUCN Red List of Threatened Species 2019: e.T22679770A154611660. Accessed on 19 June 2026.,Dendrocygna arborea,West Indian Whistling-duck,NT,Decreasing,6000-15000,,1260000,species,,[],AVES,BIRDS,,Birds,22679770,self,True,False,NT
22679814,119403602,2017-10-01T01:00:00.000+01:00,2017,https://www.iucnredlist.org/species/22679814/119403602,BirdLife International 2017. Oxyura leucocephala. The IUCN Red List of Threatened Species 2017: e.T22679814A119403602. Accessed on 19 June 2026.,Oxyura leucocephala,White-headed Duck,EN,Decreasing,5300-8700,,14100000,species,,[],AVES,BIRDS,,Birds,22679814,self,True,False,EN
22679820,181759055,2021-02-03T00:00:00.000+00:00,2021,https://www.iucnredlist.org/species/22679820/181759055,BirdLife International 2021. Oxyura maccoa. The IUCN Red List of Threatened Species 2021: e.T22679820A181759055. Accessed on 19 June 2026.,Oxyura maccoa,Maccoa Duck,EN,Decreasing,4800-5700,,8300000,species,,[],AVES,BIRDS,,Birds,22679820,self,True,False,EN
22679869,228564177,2023-07-18T01:00:00.000+01:00,2023,https://www.iucnredlist.org/species/22679869/228564177,BirdLife International 2023. Anser cygnoid. The IUCN Red List of Threatened Species 2023: e.T22679869A228564177. Accessed on 19 June 2026.,Anser cygnoid,Swan Goose,EN,Decreasing,36000-43500,,865000,species,,[],AVES,BIRDS,,Birds,22679869,self,True,False,EN
22679886,132300164,2018-08-06T01:00:00.000+01:00,2018,https://www.iucnredlist.org/species/22679886/132300164,BirdLife International 2018. Anser erythropus. The IUCN Red List of Threatened Species 2018: e.T22679886A132300164. Accessed on 19 June 2026.,Anser erythropus,Lesser White-fronted Goose,VU,Decreasing,16000-27000,,7060000,species,,[],AVES,BIRDS,,Birds,22679886,self,True,False,VU
22679929,194369606,2021-01-14T00:00:00.000+00:00,2021,https://www.iucnredlist.org/species/22679929/194369606,BirdLife International 2021. Branta sandvicensis. The IUCN Red List of Threatened Species 2021: e.T22679929A194369606. Accessed on 19 June 2026.,Branta sandvicensis,Hawaiian Goose,NT,Increasing,1700-2200,2564,50700,species,,[],AVES,BIRDS,,Birds,22679929,self,True,False,NT
22679954,154473642,2025-05-01T01:00:00.000+01:00,2025,https://www.iucnredlist.org/species/22679954/154473642,BirdLife International 2025. Branta ruficollis. The IUCN Red List of Threatened Species 2025: e.T22679954A154473642. Accessed on 19 June 2026.,Branta ruficollis,Red-breasted Goose,VU,Decreasing,"19000-48000, 33000",,1156000,species,,[],AVES,BIRDS,,Birds,22679954,self,True,False,VU
22679961,208106800,2021-09-22T01:00:00.000+01:00,2022,https://www.iucnredlist.org/species/22679961/208106800,BirdLife International 2022. Cyanochen cyanoptera. The IUCN Red List of Threatened Species 2022: e.T22679961A208106800. Accessed on 19 June 2026.,Cyanochen cyanoptera,Blue-winged Goose,NT,Decreasing,3000-7000,,370000,species,,[],AVES,BIRDS,,Birds,22679961,self,True,False,NT
22680021,132052989,2018-08-09T01:00:00.000+01:00,2018,https://www.iucnredlist.org/species/22680021/132052989,BirdLife International 2018. Tadorna cristata. The IUCN Red List of Threatened Species 2018: e.T22680021A132052989. Accessed on 19 June 2026.,Tadorna cristata,Crested Shelduck,CR,Unknown,1-49,,14,species,,[],AVES,BIRDS,,Birds,22680021,self,True,False,CR
22680038,132524158,2018-08-07T01:00:00.000+01:00,2018,https://www.iucnredlist.org/species/22680038/132524158,BirdLife International 2018. Tachyeres leucocephalus. The IUCN Red List of Threatened Species 2018: e.T22680038A132524158. Accessed on 19 June 2026.,Tachyeres leucocephalus,White-headed Steamerduck,VU,Decreasing,3400-3700,,130000,species,,[],AVES,BIRDS,,Birds,22680038,self,True,False,VU
22680064,244637841,2024-07-18T01:00:00.000+01:00,2024,https://www.iucnredlist.org/species/22680064/244637841,BirdLife International 2024. Asarcornis scutulata. The IUCN Red List of Threatened Species 2024: e.T22680064A244637841. Accessed on 19 June 2026.,Asarcornis scutulata,White-winged Duck,CR,Decreasing,150-450,,2620000,species,,[],AVES,BIRDS,,Birds,22680064,self,True,False,CR
22680121,214275489,2022-06-28T01:00:00.000+01:00,2022,https://www.iucnredlist.org/species/22680121/214275489,BirdLife International 2022. Hymenolaimus malacorhynchos. The IUCN Red List of Threatened Species 2022: e.T22680121A214275489. Accessed on 19 June 2026.,Hymenolaimus malacorhynchos,Blue Duck,EN,Decreasing,1500-2499,,199000,species,,[],AVES,BIRDS,,Birds,22680121,self,True,False,EN
22680136,276957459,2025-05-15T01:00:00.000+01:00,2025,https://www.iucnredlist.org/species/22680136/276957459,BirdLife International 2025. Speculanas specularis. The IUCN Red List of Threatened Species 2025: e.T22680136A276957459. Accessed on 19 June 2026.,Speculanas specularis,Spectacled Duck,NT,Decreasing,2500-9999,,1040000,species,,[],AVES,BIRDS,,Birds,22680136,self,True,False,NT
22680199,221561950,2023-07-04T01:00:00.000+01:00,2023,https://www.iucnredlist.org/species/22680199/221561950,BirdLife International 2023. Anas wyvilliana. The IUCN Red List of Threatened Species 2023: e.T22680199A221561950. Accessed on 19 June 2026.,Anas wyvilliana,Hawaiian Duck,VU,Increasing,700-999,1860,2800,species,,[],AVES,BIRDS,,Birds,22680199,self,True,False,VU
22680203,130697270,2018-08-06T01:00:00.000+01:00,2018,https://www.iucnredlist.org/species/22680203/130697270,BirdLife International 2018. Anas laysanensis. The IUCN Red List of Threatened Species 2018: e.T22680203A130697270. Accessed on 19 June 2026.,Anas laysanensis,Laysan Duck,CR,Increasing,500-680,,2,species,,[],AVES,BIRDS,,Birds,22680203,self,True,False,CR
22680225,196314602,2021-02-09T00:00:00.000+00:00,2021,https://www.iucnredlist.org/species/22680225/196314602,BirdLife International 2021. Anas melleri. The IUCN Red List of Threatened Species 2021: e.T22680225A196314602. Accessed on 19 June 2026.,Anas melleri,Meller's Duck,EN,Decreasing,1300-3300,,261000,species,,[],AVES,BIRDS,,Birds,22680225,self,True,False,EN
22680252,196544442,2022-08-31T01:00:00.000+01:00,2022,https://www.iucnredlist.org/species/22680252/196544442,BirdLife International 2022. Anas bernieri. The IUCN Red List of Threatened Species 2022: e.T22680252A196544442. Accessed on 19 June 2026.,Anas bernieri,Madagascar Teal,EN,Decreasing,630-1900,,310000,species,,[],AVES,BIRDS,,Birds,22680252,self,True,False,EN
22680280,194816119,2021-01-20T00:00:00.000+00:00,2021,https://www.iucnredlist.org/species/22680280/194816119,BirdLife International 2021. Anas aucklandica. The IUCN Red List of Threatened Species 2021: e.T22680280A194816119. Accessed on 19 June 2026.,Anas aucklandica,Auckland Teal,NT,Stable,"330-1700, 1000-1700",356,1000,species,,[],AVES,BIRDS,,Birds,22680280,self,True,False,NT
22680339,205917761,2022-08-04T01:00:00.000+01:00,2022,https://www.iucnredlist.org/species/22680339/205917761,BirdLife International 2022. Marmaronetta angustirostris. The IUCN Red List of Threatened Species 2022: e.T22680339A205917761. Accessed on 19 June 2026.,Marmaronetta angustirostris,Marbled Duck,NT,Decreasing,10000-42000,,13500000,species,,[],AVES,BIRDS,,Birds,22680339,self,True,False,NT
22680344,254934109,2024-10-01T01:00:00.000+01:00,2025,https://www.iucnredlist.org/species/22680344/254934109,BirdLife International 2025. Rhodonessa caryophyllacea. The IUCN Red List of Threatened Species 2025: e.T22680344A254934109. Accessed on 19 June 2026.,Rhodonessa caryophyllacea,Pink-headed Duck,CR,Unknown,0-49,,0-108800,species,,[],AVES,BIRDS,,Birds,22680344,self,True,False,CR
22680358,205288455,2021-08-18T01:00:00.000+01:00,2021,https://www.iucnredlist.org/species/22680358/205288455,BirdLife International 2021. Aythya ferina. The IUCN Red List of Threatened Species 2021: e.T22680358A205288455. Accessed on 19 June 2026.,Aythya ferina,Common Pochard,VU,Decreasing,760000-790000,,548000,species,,[],AVES,BIRDS,,Birds,22680358,self,True,False,VU
22680373,152620862,2019-06-12T01:00:00.000+01:00,2019,https://www.iucnredlist.org/species/22680373/152620862,BirdLife International 2019. Aythya nyroca. The IUCN Red List of Threatened Species 2019: e.T22680373A152620862. Accessed on 19 June 2026.,Aythya nyroca,Ferruginous Duck,NT,Decreasing,,,25200000,species,,[],AVES,BIRDS,,Birds,22680373,self,True,False,NT
22680380,221364107,2022-10-04T01:00:00.000+01:00,2023,https://www.iucnredlist.org/species/22680380/221364107,BirdLife International 2023. Aythya innotata. The IUCN Red List of Threatened Species 2023: e.T22680380A221364107. Accessed on 19 June 2026.,Aythya innotata,Madagascar Pochard,CR,Stable,"30-50,45","4-16,4",25,species,,[],AVES,BIRDS,,Birds,22680380,self,True,False,CR
22680384,154436811,2019-08-15T01:00:00.000+01:00,2019,https://www.iucnredlist.org/species/22680384/154436811,BirdLife International 2019. Aythya baeri. The IUCN Red List of Threatened Species 2019: e.T22680384A154436811. Accessed on 19 June 2026.,Aythya baeri,Baer's Pochard,CR,Decreasing,150-700,,2270000,species,,[],AVES,BIRDS,,Birds,22680384,self,True,False,CR
22680405,132525971,2018-08-07T01:00:00.000+01:00,2018,https://www.iucnredlist.org/species/22680405/132525971,BirdLife International 2018. Somateria mollissima. The IUCN Red List of Threatened Species 2018: e.T22680405A132525971. Accessed on 19 June 2026.,Somateria mollissima,Common Eider,NT,Unknown,,,59900000,species,,[],AVES,BIRDS,,Birds,22680405,self,True,False,NT
22680412,180227232,2020-09-04T01:00:00.000+01:00,2020,https://www.iucnredlist.org/species/22680412/180227232,BirdLife International 2020. Somateria fischeri. The IUCN Red List of Threatened Species 2020: e.T22680412A180227232. Accessed on 19 June 2026.,Somateria fischeri,Spectacled Eider,NT,Decreasing,250000,,348000,species,,[],AVES,BIRDS,,Birds,22680412,self,True,False,NT
22680415,132527232,2018-08-07T01:00:00.000+01:00,2018,https://www.iucnredlist.org/species/22680415/132527232,BirdLife International 2018. Polysticta stelleri. The IUCN Red List of Threatened Species 2018: e.T22680415A132527232. Accessed on 19 June 2026.,Polysticta stelleri,Steller's Eider,VU,Decreasing,,,9240000,species,,[],AVES,BIRDS,,Birds,22680415,self,True,False,VU
22680427,132528200,2018-08-07T01:00:00.000+01:00,2018,https://www.iucnredlist.org/species/22680427/132528200,BirdLife International 2018. Clangula hyemalis. The IUCN Red List of Threatened Species 2018: e.T22680427A132528200. Accessed on 19 June 2026.,Clangula hyemalis,Long-tailed Duck,VU,Decreasing,,,60100000,species,,[],AVES,BIRDS,,Birds,22680427,self,True,False,VU
22680482,143756439,2019-02-01T00:00:00.000+00:00,2019,https://www.iucnredlist.org/species/22680482/143756439,BirdLife International 2019. Mergus octosetaceus. The IUCN Red List of Threatened Species 2019: e.T22680482A143756439. Accessed on 19 June 2026.,Mergus octosetaceus,Brazilian Merganser,CR,Decreasing,50-249,,1380000,species,,[],AVES,BIRDS,,Birds,22680482,self,True,False,CR
22680488,244637355,2025-01-24T00:00:00.000+00:00,2025,https://www.iucnredlist.org/species/22680488/244637355,BirdLife International 2025. Mergus squamatus. The IUCN Red List of Threatened Species 2025: e.T22680488A244637355. Accessed on 19 June 2026.,Mergus squamatus,Scaly-sided Merganser,EN,Decreasing,2000-3500,,648000,species,,[],AVES,BIRDS,,Birds,22680488,self,True,False,EN
22680556,211931315,2021-12-13T00:00:00.000+00:00,2022,https://www.iucnredlist.org/species/22680556/211931315,BirdLife International 2022. Turnix melanogaster. The IUCN Red List of Threatened Species 2022: e.T22680556A211931315. Accessed on 19 June 2026.,Turnix melanogaster,Black-breasted Buttonquail,VU,Decreasing,"3000-6500, 4800",,85000,species,,[],AVES,BIRDS,,Birds,22680556,self,True,False,VU
22680572,210960314,2021-11-18T00:00:00.000+00:00,2022,https://www.iucnredlist.org/species/22680572/210960314,BirdLife International 2022. Turnix olivii. The IUCN Red List of Threatened Species 2022: e.T22680572A210960314. Accessed on 19 June 2026.,Turnix olivii,Buff-breasted Buttonquail,CR,Unknown,"1-249, 1-49",,30200,species,,[],AVES,BIRDS,,Birds,22680572,self,True,False,CR
22680620,220010505,2022-08-24T01:00:00.000+01:00,2022,https://www.iucnredlist.org/species/22680620/220010505,BirdLife International 2022. Indicator archipelagicus. The IUCN Red List of Threatened Species 2022: e.T22680620A220010505. Accessed on 19 June 2026.,Indicator archipelagicus,Malaysian Honeyguide,NT,Decreasing,U,,3800000,species,,[],AVES,BIRDS,,Birds,22680620,self,True,False,NT
22680659,177622929,2020-06-18T01:00:00.000+01:00,2021,https://www.iucnredlist.org/species/22680659/177622929,BirdLife International 2021. Melignomon eisentrauti. The IUCN Red List of Threatened Species 2021: e.T22680659A177622929. Accessed on 19 June 2026.,Melignomon eisentrauti,Yellow-footed Honeyguide,NT,Decreasing,U,,593000,species,,[],AVES,BIRDS,,Birds,22680659,self,True,False,NT
22680733,221443253,2023-01-30T00:00:00.000+00:00,2023,https://www.iucnredlist.org/species/22680733/221443253,BirdLife International 2023. Picumnus steindachneri. The IUCN Red List of Threatened Species 2023: e.T22680733A221443253. Accessed on 19 June 2026.,Picumnus steindachneri,Speckle-chested Piculet,NT,Decreasing,U,8800,16400,species,,[],AVES,BIRDS,,Birds,22680733,self,True,False,NT
22680736,208909623,2022-07-12T01:00:00.000+01:00,2022,https://www.iucnredlist.org/species/22680736/208909623,BirdLife International 2022. Picumnus varzeae. The IUCN Red List of Threatened Species 2022: e.T22680736A208909623. Accessed on 19 June 2026.,Picumnus varzeae,Varzea Piculet,NT,Decreasing,U,,97500,species,,[],AVES,BIRDS,,Birds,22680736,self,True,False,NT
22680910,118435157,2017-10-01T01:00:00.000+01:00,2017,https://www.iucnredlist.org/species/22680910/118435157,BirdLife International 2017. Campethera notata. The IUCN Red List of Threatened Species 2017: e.T22680910A118435157. Accessed on 19 June 2026.,Campethera notata,Knysna Woodpecker,NT,Stable,1000-3300,,179000,species,,[],AVES,BIRDS,,Birds,22680910,self,True,False,NT
22680945,118945926,2017-10-01T01:00:00.000+01:00,2017,https://www.iucnredlist.org/species/22680945/118945926,BirdLife International 2017. Geocolaptes olivaceus. The IUCN Red List of Threatened Species 2017: e.T22680945A118945926. Accessed on 19 June 2026.,Geocolaptes olivaceus,Ground Woodpecker,NT,Decreasing,U,,1210000,species,,[],AVES,BIRDS,,Birds,22680945,self,True,False,NT
22681052,273877341,2025-01-28T00:00:00.000+00:00,2025,https://www.iucnredlist.org/species/22681052/273877341,BirdLife International 2025. Picoides ramsayi. The IUCN Red List of Threatened Species 2025: e.T22681052A273877341. Accessed on 19 June 2026.,Picoides ramsayi,Sulu Pygmy Woodpecker,VU,Decreasing,"2000-10000, 2000-5000",1032-2064,10500,species,,[],AVES,BIRDS,,Birds,22681052,self,True,False,VU
22681095,119106114,2017-10-01T01:00:00.000+01:00,2017,https://www.iucnredlist.org/species/22681095/119106114,BirdLife International 2017. Dendropicos dorae. The IUCN Red List of Threatened Species 2017: e.T22681095A119106114. Accessed on 19 June 2026.,Dendropicos dorae,Arabian Woodpecker,NT,Decreasing,10000-19999,,260000,species,,[],AVES,BIRDS,,Birds,22681095,self,True,False,NT
22681158,179376787,2020-07-15T01:00:00.000+01:00,2020,https://www.iucnredlist.org/species/22681158/179376787,BirdLife International 2020. Leuconotopicus borealis. The IUCN Red List of Threatened Species 2020: e.T22681158A179376787. Accessed on 19 June 2026.,Leuconotopicus borealis,Red-cockaded Woodpecker,NT,Decreasing,19000,,1630000,species,,[],AVES,BIRDS,,Birds,22681158,self,True,False,NT
22681293,179186511,2021-07-02T01:00:00.000+01:00,2021,https://www.iucnredlist.org/species/22681293/179186511,BirdLife International 2021. Colaptes fernandinae. The IUCN Red List of Threatened Species 2021: e.T22681293A179186511. Accessed on 19 June 2026.,Colaptes fernandinae,Fernandina's Flicker,EN,Decreasing,600-800,11000,105000,species,,[],AVES,BIRDS,,Birds,22681293,self,True,False,EN
22681360,177522676,2020-06-17T01:00:00.000+01:00,2020,https://www.iucnredlist.org/species/22681360/177522676,BirdLife International 2020. Celeus galeatus. The IUCN Red List of Threatened Species 2020: e.T22681360A177522676. Accessed on 19 June 2026.,Celeus galeatus,Helmeted Woodpecker,VU,Decreasing,"700-21000, 3600",,412000,species,,[],AVES,BIRDS,,Birds,22681360,self,True,False,VU
22681373,136694900,2022-06-07T01:00:00.000+01:00,2022,https://www.iucnredlist.org/species/22681373/136694900,BirdLife International 2022. Hylatomus schulzii. The IUCN Red List of Threatened Species 2022: e.T22681373A136694900. Accessed on 19 June 2026.,Hylatomus schulzii,Black-bodied Woodpecker,NT,Decreasing,U,,776000,species,,[],AVES,BIRDS,,Birds,22681373,self,True,False,NT
22681379,118582685,2017-10-01T01:00:00.000+01:00,2017,https://www.iucnredlist.org/species/22681379/118582685,BirdLife International 2017. Dryocopus hodgei. The IUCN Red List of Threatened Species 2017: e.T22681379A118582685. Accessed on 19 June 2026.,Dryocopus hodgei,Andaman Woodpecker,VU,Decreasing,1000-2499,,20600,species,,[],AVES,BIRDS,,Birds,22681379,self,True,False,VU
22681417,179185354,2020-08-31T01:00:00.000+01:00,2020,https://www.iucnredlist.org/species/22681417/179185354,BirdLife International 2020. Campephilus imperialis. The IUCN Red List of Threatened Species 2020: e.T22681417A179185354. Accessed on 19 June 2026.,Campephilus imperialis,Imperial Woodpecker,CR,Unknown,1-49,,1,species,,[],AVES,BIRDS,,Birds,22681417,self,True,False,CR
22681425,182588014,2020-08-21T01:00:00.000+01:00,2020,https://www.iucnredlist.org/species/22681425/182588014,BirdLife International 2020. Campephilus principalis. The IUCN Red List of Threatened Species 2020: e.T22681425A182588014. Accessed on 19 June 2026.,Campephilus principalis,Ivory-billed Woodpecker,CR,Unknown,1-49,,,species,,[],AVES,BIRDS,,Birds,22681425,self,True,False,CR
22681478,225423859,2023-10-31T00:00:00.000+00:00,2025,https://www.iucnredlist.org/species/22681478/225423859,BirdLife International 2025. Picus rabieri. The IUCN Red List of Threatened Species 2025: e.T22681478A225423859. Accessed on 19 June 2026.,Picus rabieri,Red-collared Woodpecker,NT,Decreasing,U,,687000,species,,[],AVES,BIRDS,,Birds,22681478,self,True,False,NT
22681493,260304085,2024-06-14T01:00:00.000+01:00,2024,https://www.iucnredlist.org/species/22681493/260304085,BirdLife International 2024. Chloropicoides rafflesii. The IUCN Red List of Threatened Species 2024: e.T22681493A260304085. Accessed on 19 June 2026.,Chloropicoides rafflesii,Olive-backed Woodpecker,NT,Decreasing,,,3860000,species,,[],AVES,BIRDS,,Birds,22681493,self,True,False,NT
22681531,269626123,2024-06-20T01:00:00.000+01:00,2024,https://www.iucnredlist.org/species/22681531/269626123,BirdLife International 2024. Dendrocopos noguchii (errata version published in 2025). The IUCN Red List of Threatened Species 2024: e.T22681531A269626123. Accessed on 19 June 2026.,Dendrocopos noguchii,Okinawa Woodpecker,EN,Stable,"75-400, 100-300","330-660,330-500",600,species,,[],AVES,BIRDS,,Birds,22681531,self,True,False,EN
22681562,260304431,2024-06-14T01:00:00.000+01:00,2024,https://www.iucnredlist.org/species/22681562/260304431,BirdLife International 2024. Meiglyptes tukki. The IUCN Red List of Threatened Species 2024: e.T22681562A260304431. Accessed on 19 June 2026.,Meiglyptes tukki,Buff-necked Woodpecker,NT,Decreasing,,,4160000,species,,[],AVES,BIRDS,,Birds,22681562,self,True,False,NT
22681585,241500854,2023-08-16T01:00:00.000+01:00,2023,https://www.iucnredlist.org/species/22681585/241500854,BirdLife International 2023. Mulleripicus pulverulentus. The IUCN Red List of Threatened Species 2023: e.T22681585A241500854. Accessed on 19 June 2026.,Mulleripicus pulverulentus,Great Slaty Woodpecker,VU,Decreasing,10000-70000,,9650000,species,,[],AVES,BIRDS,,Birds,22681585,self,True,False,VU
22681616,216672786,2022-09-21T01:00:00.000+01:00,2023,https://www.iucnredlist.org/species/22681616/216672786,BirdLife International 2023. Psilopogon rafflesii. The IUCN Red List of Threatened Species 2023: e.T22681616A216672786. Accessed on 19 June 2026.,Psilopogon rafflesii,Red-crowned Barbet,NT,Decreasing,,,3180000,species,,[],AVES,BIRDS,,Birds,22681616,self,True,False,NT
22681619,216128303,2022-04-27T01:00:00.000+01:00,2022,https://www.iucnredlist.org/species/22681619/216128303,BirdLife International 2022. Psilopogon mystacophanos. The IUCN Red List of Threatened Species 2022: e.T22681619A216128303. Accessed on 19 June 2026.,Psilopogon mystacophanos,Red-throated Barbet,NT,Decreasing,,,4240000,species,,[],AVES,BIRDS,,Birds,22681619,self,True,False,NT
22681649,260303717,2024-06-14T01:00:00.000+01:00,2024,https://www.iucnredlist.org/species/22681649/260303717,BirdLife International 2024. Psilopogon henricii. The IUCN Red List of Threatened Species 2024: e.T22681649A260303717. Accessed on 19 June 2026.,Psilopogon henricii,Yellow-crowned Barbet,NT,Decreasing,,,3230000,species,,[],AVES,BIRDS,,Birds,22681649,self,True,False,NT
22681832,260801167,2024-06-19T01:00:00.000+01:00,2025,https://www.iucnredlist.org/species/22681832/260801167,BirdLife International 2025. Lybius chaplini. The IUCN Red List of Threatened Species 2025: e.T22681832A260801167. Accessed on 19 June 2026.,Lybius chaplini,Zambian Barbet,VU,Decreasing,4500-5200,,108000,species,,[],AVES,BIRDS,,Birds,22681832,self,True,False,VU
22681837,259161801,2024-05-24T01:00:00.000+01:00,2025,https://www.iucnredlist.org/species/22681837/259161801,BirdLife International 2025. Lybius rubrifacies. The IUCN Red List of Threatened Species 2025: e.T22681837A259161801. Accessed on 19 June 2026.,Lybius rubrifacies,Red-faced Barbet,NT,Decreasing,5000-10000,,94500,species,,[],AVES,BIRDS,,Birds,22681837,self,True,False,NT
22681917,223274221,2023-02-02T00:00:00.000+00:00,2023,https://www.iucnredlist.org/species/22681917/223274221,BirdLife International 2023. Capito dayi. The IUCN Red List of Threatened Species 2023: e.T22681917A223274221. Accessed on 19 June 2026.,Capito dayi,Black-girdled Barbet,NT,Decreasing,U,,1422000,species,,[],AVES,BIRDS,,Birds,22681917,self,True,False,NT
22681920,180503387,2020-07-30T01:00:00.000+01:00,2020,https://www.iucnredlist.org/species/22681920/180503387,BirdLife International 2020. Capito quinticolor. The IUCN Red List of Threatened Species 2020: e.T22681920A180503387. Accessed on 19 June 2026.,Capito quinticolor,Five-colored Barbet,NT,Decreasing,6000-10000,,48400,species,,[],AVES,BIRDS,,Birds,22681920,self,True,False,NT
22681956,223103117,2022-10-26T01:00:00.000+01:00,2023,https://www.iucnredlist.org/species/22681956/223103117,BirdLife International 2023. Semnornis ramphastinus. The IUCN Red List of Threatened Species 2023: e.T22681956A223103117. Accessed on 19 June 2026.,Semnornis ramphastinus,Toucan Barbet,NT,Decreasing,20000-49999,,115900,species,,[],AVES,BIRDS,,Birds,22681956,self,True,False,NT
22681981,221630107,2022-09-30T01:00:00.000+01:00,2023,https://www.iucnredlist.org/species/22681981/221630107,BirdLife International 2023. Aulacorhynchus huallagae. The IUCN Red List of Threatened Species 2023: e.T22681981A221630107. Accessed on 19 June 2026.,Aulacorhynchus huallagae,Yellow-browed Toucanet,NT,Stable,2500-9999,2076,3400,species,,[],AVES,BIRDS,,Birds,22681981,self,True,False,NT
22682044,221753229,2022-10-05T01:00:00.000+01:00,2023,https://www.iucnredlist.org/species/22682044/221753229,BirdLife International 2023. Pteroglossus bailloni. The IUCN Red List of Threatened Species 2023: e.T22682044A221753229. Accessed on 19 June 2026.,Pteroglossus bailloni,Saffron Toucanet,NT,Decreasing,100000-499999,,1700000,species,,[],AVES,BIRDS,,Birds,22682044,self,True,False,NT
22682050,217847986,2023-02-14T00:00:00.000+00:00,2023,https://www.iucnredlist.org/species/22682050/217847986,BirdLife International 2023. Andigena laminirostris. The IUCN Red List of Threatened Species 2023: e.T22682050A217847986. Accessed on 19 June 2026.,Andigena laminirostris,Plate-billed Mountain-toucan,NT,Decreasing,10000-19999,10700,27500,species,,[],AVES,BIRDS,,Birds,22682050,self,True,False,NT
22682102,168670038,2021-03-18T00:00:00.000+00:00,2021,https://www.iucnredlist.org/species/22682102/168670038,BirdLife International 2021. Ramphastos sulfuratus. The IUCN Red List of Threatened Species 2021: e.T22682102A168670038. Accessed on 19 June 2026.,Ramphastos sulfuratus,Keel-billed Toucan,NT,Decreasing,50000-499999,,2310000,species,,[],AVES,BIRDS,,Birds,22682102,self,True,False,NT
22682186,153924733,2020-07-01T01:00:00.000+01:00,2020,https://www.iucnredlist.org/species/22682186/153924733,BirdLife International 2020. Jacamaralcyon tridactyla. The IUCN Red List of Threatened Species 2020: e.T22682186A153924733. Accessed on 19 June 2026.,Jacamaralcyon tridactyla,Three-toed Jacamar,NT,Decreasing,1300-5400,,253000,species,,[],AVES,BIRDS,,Birds,22682186,self,True,False,NT
22682255,179372335,2021-07-16T01:00:00.000+01:00,2021,https://www.iucnredlist.org/species/22682255/179372335,BirdLife International 2021. Nystactes noanamae. The IUCN Red List of Threatened Species 2021: e.T22682255A179372335. Accessed on 19 June 2026.,Nystactes noanamae,Sooty-capped Puffbird,NT,Decreasing,8000,19400,42500,species,,[],AVES,BIRDS,,Birds,22682255,self,True,False,NT
22682421,182384253,2020-08-24T01:00:00.000+01:00,2020,https://www.iucnredlist.org/species/22682421/182384253,BirdLife International 2020. Ocyceros griseus. The IUCN Red List of Threatened Species 2020: e.T22682421A182384253. Accessed on 19 June 2026.,Ocyceros griseus,Malabar Grey Hornbill,VU,Decreasing,U,,271000,species,,[],AVES,BIRDS,,Birds,22682421,self,True,False,VU
22682433,184946848,2024-09-19T01:00:00.000+01:00,2025,https://www.iucnredlist.org/species/22682433/184946848,BirdLife International 2025. Anthracoceros coronatus. The IUCN Red List of Threatened Species 2025: e.T22682433A184946848. Accessed on 19 June 2026.,Anthracoceros coronatus,Malabar Pied Hornbill,NT,Decreasing,"7200-72000,7200-25000",,1960000,species,,[],AVES,BIRDS,,Birds,22682433,self,True,False,NT
22682441,132372259,2018-08-09T01:00:00.000+01:00,2018,https://www.iucnredlist.org/species/22682441/132372259,BirdLife International 2018. Anthracoceros malayanus. The IUCN Red List of Threatened Species 2018: e.T22682441A132372259. Accessed on 19 June 2026.,Anthracoceros malayanus,Black Hornbill,VU,Decreasing,U,,3050000,species,,[],AVES,BIRDS,,Birds,22682441,self,True,False,VU
22682444,205515479,2021-07-23T01:00:00.000+01:00,2021,https://www.iucnredlist.org/species/22682444/205515479,BirdLife International 2021. Anthracoceros marchei. The IUCN Red List of Threatened Species 2021: e.T22682444A205515479. Accessed on 19 June 2026.,Anthracoceros marchei,Palawan Hornbill,VU,Decreasing,20000-49999,,41300,species,,[],AVES,BIRDS,,Birds,22682444,self,True,False,VU
22682447,178062684,2020-06-25T01:00:00.000+01:00,2020,https://www.iucnredlist.org/species/22682447/178062684,BirdLife International 2020. Anthracoceros montani. The IUCN Red List of Threatened Species 2020: e.T22682447A178062684. Accessed on 19 June 2026.,Anthracoceros montani,Sulu Hornbill,CR,Decreasing,1-49,400,780,species,,[],AVES,BIRDS,,Birds,22682447,self,True,False,CR
22682450,184960407,2020-09-15T01:00:00.000+01:00,2020,https://www.iucnredlist.org/species/22682450/184960407,BirdLife International 2020. Buceros rhinoceros. The IUCN Red List of Threatened Species 2020: e.T22682450A184960407. Accessed on 19 June 2026.,Buceros rhinoceros,Rhinoceros Hornbill,VU,Decreasing,U,,3370000,species,,[],AVES,BIRDS,,Birds,22682450,self,True,False,VU
22682453,184603863,2020-09-08T01:00:00.000+01:00,2020,https://www.iucnredlist.org/species/22682453/184603863,BirdLife International 2020. Buceros bicornis. The IUCN Red List of Threatened Species 2020: e.T22682453A184603863. Accessed on 19 June 2026.,Buceros bicornis,Great Hornbill,VU,Decreasing,13000-27000,,10300000,species,,[],AVES,BIRDS,,Birds,22682453,self,True,False,VU
22682485,177973137,2020-06-24T01:00:00.000+01:00,2020,https://www.iucnredlist.org/species/22682485/177973137,BirdLife International 2020. Anorrhinus galeritus. The IUCN Red List of Threatened Species 2020: e.T22682485A177973137. Accessed on 19 June 2026.,Anorrhinus galeritus,Bushy-crested Hornbill,NT,Decreasing,U,,3450000,species,,[],AVES,BIRDS,,Birds,22682485,self,True,False,NT
22682491,184680868,2020-09-09T01:00:00.000+01:00,2020,https://www.iucnredlist.org/species/22682491/184680868,BirdLife International 2020. Penelopides mindorensis. The IUCN Red List of Threatened Species 2020: e.T22682491A184680868. Accessed on 19 June 2026.,Penelopides mindorensis,Mindoro Hornbill,EN,Decreasing,250-999,,11700,species,,[],AVES,BIRDS,,Birds,22682491,self,True,False,EN
22682494,184683355,2020-09-09T01:00:00.000+01:00,2020,https://www.iucnredlist.org/species/22682494/184683355,BirdLife International 2020. Penelopides panini. The IUCN Red List of Threatened Species 2020: e.T22682494A184683355. Accessed on 19 June 2026.,Penelopides panini,Visayan Hornbill,EN,Decreasing,1200,,64500,species,,[],AVES,BIRDS,,Birds,22682494,self,True,False,EN
22682504,210091404,2021-11-01T00:00:00.000+00:00,2022,https://www.iucnredlist.org/species/22682504/210091404,BirdLife International 2022. Rhabdotorrhinus exarhatus. The IUCN Red List of Threatened Species 2022: e.T22682504A210091404. Accessed on 19 June 2026.,Rhabdotorrhinus exarhatus,Sulawesi Hornbill,VU,Decreasing,,,415000,species,,[],AVES,BIRDS,,Birds,22682504,self,True,False,VU
22682507,132272549,2018-08-07T01:00:00.000+01:00,2018,https://www.iucnredlist.org/species/22682507/132272549,BirdLife International 2018. Berenicornis comatus. The IUCN Red List of Threatened Species 2018: e.T22682507A132272549. Accessed on 19 June 2026.,Berenicornis comatus,White-crowned Hornbill,EN,Decreasing,U,,3910000,species,,[],AVES,BIRDS,,Birds,22682507,self,True,False,EN
22682510,176267243,2020-06-01T01:00:00.000+01:00,2020,https://www.iucnredlist.org/species/22682510/176267243,BirdLife International 2020. Aceros nipalensis. The IUCN Red List of Threatened Species 2020: e.T22682510A176267243. Accessed on 19 June 2026.,Aceros nipalensis,Rufous-necked Hornbill,VU,Decreasing,7000-10000,,1580000,species,,[],AVES,BIRDS,,Birds,22682510,self,True,False,VU
22682514,132244524,2018-08-07T01:00:00.000+01:00,2018,https://www.iucnredlist.org/species/22682514/132244524,BirdLife International 2018. Rhabdotorrhinus corrugatus. The IUCN Red List of Threatened Species 2018: e.T22682514A132244524. Accessed on 19 June 2026.,Rhabdotorrhinus corrugatus,Wrinkled Hornbill,EN,Decreasing,U,,2980000,species,,[],AVES,BIRDS,,Birds,22682514,self,True,False,EN
22682517,274594116,2025-05-12T01:00:00.000+01:00,2025,https://www.iucnredlist.org/species/22682517/274594116,BirdLife International 2025. Rhabdotorrhinus waldeni. The IUCN Red List of Threatened Species 2025: e.T22682517A274594116. Accessed on 19 June 2026.,Rhabdotorrhinus waldeni,Rufous-headed Hornbill,EN,Decreasing,1000-3000,,4760,species,,[],AVES,BIRDS,,Birds,22682517,self,True,False,EN
22682522,184689600,2020-09-09T01:00:00.000+01:00,2020,https://www.iucnredlist.org/species/22682522/184689600,BirdLife International 2020. Rhabdotorrhinus leucocephalus. The IUCN Red List of Threatened Species 2020: e.T22682522A184689600. Accessed on 19 June 2026.,Rhabdotorrhinus leucocephalus,Writhed Hornbill,NT,Decreasing,U,,168000,species,,[],AVES,BIRDS,,Birds,22682522,self,True,False,NT
22682525,258476814,2024-05-07T01:00:00.000+01:00,2024,https://www.iucnredlist.org/species/22682525/258476814,BirdLife International 2024. Rhyticeros cassidix. The IUCN Red List of Threatened Species 2024: e.T22682525A258476814. Accessed on 19 June 2026.,Rhyticeros cassidix,Knobbed Hornbill,VU,Decreasing,U,,432000,species,,[],AVES,BIRDS,,Birds,22682525,self,True,False,VU
22682528,132400385,2018-08-07T01:00:00.000+01:00,2018,https://www.iucnredlist.org/species/22682528/132400385,BirdLife International 2018. Rhyticeros undulatus. The IUCN Red List of Threatened Species 2018: e.T22682528A132400385. Accessed on 19 June 2026.,Rhyticeros undulatus,Wreathed Hornbill,VU,Decreasing,U,,7020000,species,,[],AVES,BIRDS,,Birds,22682528,self,True,False,VU
22682531,182554475,2020-08-20T01:00:00.000+01:00,2020,https://www.iucnredlist.org/species/22682531/182554475,BirdLife International 2020. Rhyticeros narcondami. The IUCN Red List of Threatened Species 2020: e.T22682531A182554475. Accessed on 19 June 2026.,Rhyticeros narcondami,Narcondam Hornbill,VU,Stable,300-650,6.82,7,species,,[],AVES,BIRDS,,Birds,22682531,self,True,False,VU
22682535,184201170,2020-09-08T01:00:00.000+01:00,2020,https://www.iucnredlist.org/species/22682535/184201170,BirdLife International 2020. Rhyticeros everetti. The IUCN Red List of Threatened Species 2020: e.T22682535A184201170. Accessed on 19 June 2026.,Rhyticeros everetti,Sumba Hornbill,EN,Decreasing,1000-2000,,13100,species,,[],AVES,BIRDS,,Birds,22682535,self,True,False,EN
22682541,207290329,2025-05-28T01:00:00.000+01:00,2025,https://www.iucnredlist.org/species/22682541/207290329,BirdLife International 2025. Rhyticeros subruficollis. The IUCN Red List of Threatened Species 2025: e.T22682541A207290329. Accessed on 19 June 2026.,Rhyticeros subruficollis,Plain-pouched Hornbill,VU,Decreasing,2500-5000,,47000,species,,[],AVES,BIRDS,,Birds,22682541,self,True,False,VU
22682585,129918692,2018-08-10T01:00:00.000+01:00,2018,https://www.iucnredlist.org/species/22682585/129918692,BirdLife International 2018. Bycanistes cylindricus. The IUCN Red List of Threatened Species 2018: e.T22682585A129918692. Accessed on 19 June 2026.,Bycanistes cylindricus,Brown-cheeked Hornbill,VU,Decreasing,U,,556000,species,,[],AVES,BIRDS,,Birds,22682585,self,True,False,VU
22682621,277507175,2025-05-13T01:00:00.000+01:00,2025,https://www.iucnredlist.org/species/22682621/277507175,BirdLife International 2025. Ceratogymna atrata. The IUCN Red List of Threatened Species 2025: e.T22682621A277507175. Accessed on 19 June 2026.,Ceratogymna atrata,Black-casqued Hornbill,NT,Decreasing,U,,5420000,species,,[],AVES,BIRDS,,Birds,22682621,self,True,False,NT
22682627,280610032,2025-05-27T01:00:00.000+01:00,2025,https://www.iucnredlist.org/species/22682627/280610032,BirdLife International 2025. Ceratogymna elata. The IUCN Red List of Threatened Species 2025: e.T22682627A280610032. Accessed on 19 June 2026.,Ceratogymna elata,Yellow-casqued Hornbill,VU,Decreasing,U,,1530000,species,,[],AVES,BIRDS,,Birds,22682627,self,True,False,VU
22682632,132204438,2018-08-10T01:00:00.000+01:00,2018,https://www.iucnredlist.org/species/22682632/132204438,BirdLife International 2018. Bucorvus abyssinicus. The IUCN Red List of Threatened Species 2018: e.T22682632A132204438. Accessed on 19 June 2026.,Bucorvus abyssinicus,Northern Ground-hornbill,VU,Decreasing,U,,8880000,species,,[],AVES,BIRDS,,Birds,22682632,self,True,False,VU
22682638,266675349,2025-04-30T01:00:00.000+01:00,2025,https://www.iucnredlist.org/species/22682638/266675349,BirdLife International 2025. Bucorvus leadbeateri. The IUCN Red List of Threatened Species 2025: e.T22682638A266675349. Accessed on 19 June 2026.,Bucorvus leadbeateri,Southern Ground-hornbill,VU,Decreasing,,,7140000,species,,[],AVES,BIRDS,,Birds,22682638,self,True,False,VU
22682727,221577625,2022-09-29T01:00:00.000+01:00,2023,https://www.iucnredlist.org/species/22682727/221577625,BirdLife International 2023. Pharomachrus mocinno. The IUCN Red List of Threatened Species 2023: e.T22682727A221577625. Accessed on 19 June 2026.,Pharomachrus mocinno,Resplendent Quetzal,NT,Decreasing,50000-499999,,500000,species,,[],AVES,BIRDS,,Birds,22682727,self,True,False,NT
22682776,179176977,2022-06-29T01:00:00.000+01:00,2022,https://www.iucnredlist.org/species/22682776/179176977,BirdLife International 2022. Trogon bairdii. The IUCN Red List of Threatened Species 2022: e.T22682776A179176977. Accessed on 19 June 2026.,Trogon bairdii,Baird's Trogon,NT,Decreasing,"1000-4000,4000",13448,18800,species,,[],AVES,BIRDS,,Birds,22682776,self,True,False,NT
22682824,178034431,2020-06-25T01:00:00.000+01:00,2020,https://www.iucnredlist.org/species/22682824/178034431,BirdLife International 2020. Apalharpactes reinwardtii. The IUCN Red List of Threatened Species 2020: e.T22682824A178034431. Accessed on 19 June 2026.,Apalharpactes reinwardtii,Javan Trogon,VU,Decreasing,2500-9999,,1300,species,,[],AVES,BIRDS,,Birds,22682824,self,True,False,VU
22682833,221387981,2022-09-22T01:00:00.000+01:00,2023,https://www.iucnredlist.org/species/22682833/221387981,BirdLife International 2023. Harpactes kasumba. The IUCN Red List of Threatened Species 2023: e.T22682833A221387981. Accessed on 19 June 2026.,Harpactes kasumba,Red-naped Trogon,NT,Decreasing,U,,2950000,species,,[],AVES,BIRDS,,Birds,22682833,self,True,False,NT
22682836,260303362,2024-06-14T01:00:00.000+01:00,2024,https://www.iucnredlist.org/species/22682836/260303362,BirdLife International 2024. Harpactes diardii. The IUCN Red List of Threatened Species 2024: e.T22682836A260303362. Accessed on 19 June 2026.,Harpactes diardii,Diard's Trogon,NT,Decreasing,,,3230000,species,,[],AVES,BIRDS,,Birds,22682836,self,True,False,NT
22682845,221399686,2023-03-03T00:00:00.000+00:00,2023,https://www.iucnredlist.org/species/22682845/221399686,BirdLife International 2023. Harpactes orrhophaeus. The IUCN Red List of Threatened Species 2023: e.T22682845A221399686. Accessed on 19 June 2026.,Harpactes orrhophaeus,Cinnamon-rumped Trogon,VU,Decreasing,U,,2700000,species,,[],AVES,BIRDS,,Birds,22682845,self,True,False,VU
22682848,260303039,2024-06-14T01:00:00.000+01:00,2024,https://www.iucnredlist.org/species/22682848/260303039,BirdLife International 2024. Harpactes duvaucelii. The IUCN Red List of Threatened Species 2024: e.T22682848A260303039. Accessed on 19 June 2026.,Harpactes duvaucelii,Scarlet-rumped Trogon,NT,Decreasing,,,3770000,species,,[],AVES,BIRDS,,Birds,22682848,self,True,False,NT
22682926,117000326,2017-10-01T01:00:00.000+01:00,2017,https://www.iucnredlist.org/species/22682926/117000326,BirdLife International 2017. Eurystomus azureus. The IUCN Red List of Threatened Species 2017: e.T22682926A117000326. Accessed on 19 June 2026.,Eurystomus azureus,Azure Dollarbird,NT,Decreasing,1500-7000,,50900,species,,[],AVES,BIRDS,,Birds,22682926,self,True,False,NT
22682931,232610024,2023-06-09T01:00:00.000+01:00,2023,https://www.iucnredlist.org/species/22682931/232610024,BirdLife International 2023. Brachypteracias leptosomus. The IUCN Red List of Threatened Species 2023: e.T22682931A232610024. Accessed on 19 June 2026.,Brachypteracias leptosomus,Short-legged Ground-roller,VU,Decreasing,10000-25000,,210000,species,,[],AVES,BIRDS,,Birds,22682931,self,True,False,VU
22682937,193850974,2021-01-05T00:00:00.000+00:00,2021,https://www.iucnredlist.org/species/22682937/193850974,BirdLife International 2021. Geobiastes squamiger. The IUCN Red List of Threatened Species 2021: e.T22682937A193850974. Accessed on 19 June 2026.,Geobiastes squamiger,Scaly Ground-roller,VU,Decreasing,1500-7000,,135000,species,,[],AVES,BIRDS,,Birds,22682937,self,True,False,VU
